Aalpha,Abeta,Balpha,Bbeta,Y
0.604040404,0.604040404,15.725252525,41.935353535,
44.95959596,38.911111111,30.846464646,5.1404040404,
23.78989899,34.878787879,32.358585859,48.487878788,
43.951515152,33.870707071,37.903030303,45.967676768,
