Aalpha,Abeta,Balpha,Bbeta,Y
36.390909091,39.919191919,48.487878788,49.495959596,
17.741414141,25.806060606,27.318181818,19.253535354,
31.350505051,46.471717172,17.237373737,40.927272727,
19.253535354,4.6363636364,22.781818182,42.943434343,
