Aalpha,Abeta,Balpha,Bbeta,Y
41.935353535,48.991919192,44.95959596,10.180808081,
22.277777778,9.6767676768,6.6525252525,23.285858586,
9.1727272727,5.1404040404,12.196969697,15.221212121,
16.229292929,43.447474747,18.245454545,37.398989899,
