Aalpha,Abeta,Balpha,Bbeta,Y
22.781818182,35.886868687,9.1727272727,46.975757576,
3.1242424242,47.47979798,20.765656566,8.6686868687,
28.83030303,32.358585859,49.495959596,6.1484848485,
30.846464646,41.431313131,39.919191919,37.903030303,
