Aalpha,Abeta,Balpha,Bbeta,Y
46.471717172,30.342424242,6.1484848485,33.870707071,
5.6444444444,37.903030303,46.975757576,22.277777778,
14.717171717,49.495959596,10.684848485,44.95959596,
11.188888889,30.846464646,39.415151515,12.196969697,
