Aalpha,Abeta,Balpha,Bbeta,Y
41.431313131,18.245454545,28.83030303,12.701010101,
8.6686868687,31.350505051,32.862626263,29.838383838,
45.463636364,6.1484848485,28.326262626,32.862626263,
47.47979798,44.455555556,21.773737374,28.83030303,
