Aalpha,Abeta,Balpha,Bbeta,Y
27.822222222,19.757575758,16.229292929,46.471717172,
12.196969697,19.253535354,11.692929293,32.358585859,
20.765656566,31.854545455,0.1,7.1565656566,
6.6525252525,38.407070707,38.407070707,1.1080808081,
