Aalpha,Abeta,Balpha,Bbeta,Y
10.180808081,6.6525252525,14.213131313,31.854545455,
18.749494949,3.6282828283,35.382828283,20.765656566,
35.886868687,28.83030303,29.334343434,22.781818182,
16.733333333,11.692929293,31.854545455,33.366666667,
