Aalpha,Abeta,Balpha,Bbeta,Y
38.407070707,13.709090909,42.943434343,1.6121212121,
48.991919192,34.374747475,12.701010101,16.229292929,
13.205050505,12.196969697,8.6686868687,47.983838384,
25.302020202,28.326262626,24.293939394,35.382828283,
