Aalpha,Abeta,Balpha,Bbeta,Y
13.709090909,29.838383838,13.709090909,39.415151515,
36.894949495,41.935353535,27.822222222,20.261616162,
35.382828283,22.781818182,45.967676768,16.733333333,
1.1080808081,42.439393939,30.342424242,43.447474747,
