Aalpha,Abeta,Balpha,Bbeta,Y
5.1404040404,1.6121212121,40.423232323,38.407070707,
32.358585859,7.1565656566,14.717171717,30.342424242,
29.838383838,7.6606060606,0.604040404,0.604040404,
24.293939394,26.31010101,36.894949495,6.6525252525,
