Aalpha,Abeta,Balpha,Bbeta,Y
37.398989899,45.967676768,5.1404040404,28.326262626,
26.31010101,27.822222222,1.1080808081,35.886868687,
4.1323232323,23.78989899,50,3.6282828283,
44.455555556,48.487878788,38.911111111,27.318181818,
