Aalpha,Abeta,Balpha,Bbeta,Y
49.495959596,2.6202020202,42.439393939,23.78989899,
7.6606060606,29.334343434,26.31010101,4.1323232323,
43.447474747,8.1646464646,2.1161616162,14.213131313,
47.983838384,9.1727272727,5.6444444444,34.878787879,
