Aalpha,Abeta,Balpha,Bbeta,Y
23.285858586,2.1161616162,23.285858586,26.31010101,
20.261616162,39.415151515,8.1646464646,17.237373737,
1.6121212121,10.180808081,2.6202020202,36.894949495,
0.1,24.293939394,47.983838384,26.814141414,
