Aalpha,Abeta,Balpha,Bbeta,Y
9.6767676768,35.382828283,7.1565656566,29.334343434,
34.878787879,8.6686868687,3.6282828283,41.431313131,
25.806060606,33.366666667,21.26969697,7.6606060606,
39.415151515,5.6444444444,19.757575758,45.463636364,
