Aalpha,Abeta,Balpha,Bbeta,Y
32.862626263,1.1080808081,33.870707071,39.919191919,
8.1646464646,17.237373737,11.188888889,4.6363636364,
4.6363636364,45.463636364,4.1323232323,11.188888889,
6.1484848485,10.684848485,41.935353535,21.773737374,
