Aalpha,Abeta,Balpha,Bbeta,Y
48.487878788,21.773737374,34.374747475,31.350505051,
3.6282828283,44.95959596,31.350505051,24.293939394,
45.967676768,18.749494949,4.6363636364,48.991919192,
30.342424242,22.277777778,35.886868687,42.439393939,
