Aalpha,Abeta,Balpha,Bbeta,Y
19.757575758,21.26969697,25.302020202,0.1,
27.318181818,40.927272727,46.471717172,24.797979798,
11.692929293,0.1,43.447474747,9.6767676768,
28.326262626,16.229292929,37.398989899,25.302020202,
