Aalpha,Abeta,Balpha,Bbeta,Y
42.943434343,15.221212121,41.431313131,50,
2.1161616162,20.261616162,23.78989899,36.390909091,
21.26969697,15.725252525,9.6767676768,8.1646464646,
14.213131313,12.701010101,36.390909091,47.47979798,
