Aalpha,Abeta,Balpha,Bbeta,Y
40.423232323,26.814141414,18.749494949,5.6444444444,
2.6202020202,40.423232323,15.221212121,44.455555556,
39.919191919,47.983838384,7.6606060606,2.1161616162,
42.439393939,3.1242424242,22.277777778,14.717171717,
