Aalpha,Abeta,Balpha,Bbeta,Y
34.374747475,32.862626263,13.205050505,21.26969697,
26.814141414,24.797979798,3.1242424242,18.749494949,
31.854545455,14.213131313,20.261616162,17.741414141,
33.870707071,13.205050505,17.741414141,3.1242424242,
