Aalpha,Abeta,Balpha,Bbeta,Y
18.245454545,27.318181818,44.455555556,40.423232323,
40.927272727,36.390909091,29.838383838,34.374747475,
37.903030303,11.188888889,47.47979798,30.846464646,
50,14.717171717,16.733333333,13.709090909,
