Aalpha,Abeta,Balpha,Bbeta,Y
15.221212121,46.975757576,48.991919192,13.205050505,
10.684848485,17.741414141,33.366666667,9.1727272727,
29.334343434,4.1323232323,40.927272727,11.692929293,
33.366666667,23.285858586,1.6121212121,2.6202020202,
